char_0_0_0_1748269536_0.png,1
char_0_0_0_1748269547_0.png,1
char_0_0_1_1748269536_1.png,9
char_0_0_1_1748269547_1.png,1
char_0_0_2_1748269536_2.png,7
char_0_0_2_1748269547_2.png,0
char_0_1_0_1748269536_3.png,3
char_0_1_0_1748269547_3.png,9
char_0_1_1_1748269547_4.png,7
char_0_2_0_1748269536_4.png,1
char_0_2_0_1748269547_5.png,3
char_0_2_1_1748269536_5.png,9
char_0_2_1_1748269547_6.png,2
char_0_2_2_1748269536_6.png,2
char_0_3_0_1748269536_7.png,1
char_0_3_0_1748269547_7.png,1
char_0_3_1_1748269536_8.png,6
char_0_3_1_1748269547_8.png,4
char_0_3_2_1748269536_9.png,8
char_0_3_2_1748269547_9.png,5
char_0_4_0_1748269536_10.png,1
char_0_4_0_1748269547_10.png,1
char_0_4_1_1748269536_11.png,8
char_0_4_1_1748269547_11.png,2
char_0_4_2_1748269536_12.png,5
char_0_4_2_1748269547_12.png,3
char_1_0_0_1748269536_13.png,3
char_1_0_0_1748269547_13.png,9
char_1_0_1_1748269536_14.png,8
char_1_0_1_1748269547_14.png,1
char_1_1_0_1748269536_15.png,1
char_1_1_0_1748269547_15.png,1
char_1_1_1_1748269536_16.png,1
char_1_1_1_1748269547_16.png,1
char_1_1_2_1748269536_17.png,0
char_1_1_2_1748269547_17.png,8
char_1_2_0_1748269536_18.png,4
char_1_2_0_1748269547_18.png,1
char_1_2_1_1748269536_19.png,1
char_1_2_1_1748269547_19.png,2
char_1_2_2_1748269547_20.png,8
char_1_3_0_1748269536_20.png,9
char_1_3_0_1748269547_21.png,1
char_1_3_1_1748269547_22.png,6
char_1_3_2_1748269547_23.png,3
char_1_4_0_1748269536_21.png,7
char_1_4_0_1748269547_24.png,9
char_1_4_1_1748269536_22.png,6
char_1_4_1_1748269547_25.png,3
char_2_0_0_1748269536_23.png,1
char_2_0_0_1748269547_26.png,1
char_2_0_1_1748269536_24.png,7
char_2_0_1_1748269547_27.png,6
char_2_0_2_1748269536_25.png,4
char_2_0_2_1748269547_28.png,2
char_2_1_0_1748269536_26.png,1
char_2_1_0_1748269547_29.png,1
char_2_1_1_1748269536_27.png,4
char_2_1_1_1748269547_30.png,7
char_2_1_2_1748269536_28.png,8
char_2_1_2_1748269547_31.png,5
char_2_2_0_1748269536_29.png,1
char_2_2_0_1748269547_32.png,3
char_2_2_1_1748269536_30.png,7
char_2_2_1_1748269547_33.png,1
char_2_3_0_1748269536_31.png,7
char_2_3_0_1748269547_34.png,1
char_2_3_1_1748269536_32.png,3
char_2_3_1_1748269547_35.png,3
char_2_3_2_1748269547_36.png,0
char_2_4_0_1748269536_33.png,1
char_2_4_0_1748269547_37.png,4
char_2_4_1_1748269536_34.png,8
char_2_4_1_1748269547_38.png,0
char_2_4_2_1748269536_35.png,4
char_3_0_0_1748269536_36.png,6
char_3_0_0_1748269547_39.png,3
char_3_0_1_1748269536_37.png,1
char_3_0_1_1748269547_40.png,0
char_3_1_0_1748269536_38.png,2
char_3_1_0_1748269547_41.png,1
char_3_1_1_1748269536_39.png,0
char_3_1_1_1748269547_42.png,3
char_3_1_2_1748269536_40.png,0
char_3_1_2_1748269547_43.png,5
char_3_2_0_1748269536_41.png,1
char_3_2_0_1748269547_44.png,8
char_3_2_1_1748269536_42.png,7
char_3_2_1_1748269547_45.png,2
char_3_2_2_1748269536_43.png,6
char_3_3_0_1748269536_44.png,7
char_3_3_0_1748269547_46.png,1
char_3_3_1_1748269547_47.png,1
char_3_3_2_1748269547_48.png,1
char_3_4_0_1748269536_45.png,3
char_3_4_0_1748269547_49.png,1
char_3_4_1_1748269536_46.png,9
char_3_4_1_1748269547_50.png,5
char_3_4_2_1748269547_51.png,8
char_4_0_0_1748269536_47.png,1
char_4_0_0_1748269547_52.png,1
char_4_0_1_1748269536_48.png,5
char_4_0_1_1748269547_53.png,7
char_4_0_2_1748269536_49.png,0
char_4_0_2_1748269547_54.png,0
char_4_1_0_1748269536_50.png,3
char_4_1_0_1748269547_55.png,9
char_4_1_1_1748269536_51.png,3
char_4_2_0_1748269536_52.png,1
char_4_2_0_1748269547_56.png,1
char_4_2_1_1748269536_53.png,0
char_4_2_1_1748269547_57.png,2
char_4_2_2_1748269536_54.png,3
char_4_2_2_1748269547_58.png,0
char_4_3_0_1748269536_55.png,1
char_4_3_0_1748269547_59.png,5
char_4_3_1_1748269536_56.png,2
char_4_3_1_1748269547_60.png,7
char_4_3_2_1748269536_57.png,6
char_4_3_2_1748269547_61.png,1
char_4_4_0_1748269536_58.png,1
char_4_4_0_1748269547_62.png,1
char_4_4_1_1748269536_59.png,8
char_4_4_1_1748269547_63.png,9
char_4_4_2_1748269547_64.png,9
char_0_0_0_1748270221_0.png,6
char_0_0_0_1748270239_0.png,3
char_0_0_0_1748270246_0.png,1
char_0_0_0_1748270252_0.png,1
char_0_0_0_1748270258_0.png,3
char_0_0_1_1748270221_1.png,0
char_0_0_1_1748270239_1.png,7
char_0_0_1_1748270246_1.png,2
char_0_0_1_1748270252_1.png,8
char_0_0_1_1748270258_1.png,3
char_0_0_2_1748270246_2.png,4
char_0_0_2_1748270252_2.png,7
char_0_1_0_1748270221_2.png,1
char_0_1_0_1748270239_2.png,1
char_0_1_0_1748270246_3.png,1
char_0_1_0_1748270252_3.png,4
char_0_1_0_1748270258_2.png,6
char_0_1_1_1748270221_3.png,9
char_0_1_1_1748270239_3.png,3
char_0_1_1_1748270246_4.png,7
char_0_1_1_1748270252_4.png,4
char_0_1_1_1748270258_3.png,4
char_0_1_2_1748270221_4.png,7
char_0_1_2_1748270239_4.png,4
char_0_1_2_1748270246_5.png,1
char_0_2_0_1748270221_5.png,1
char_0_2_0_1748270239_5.png,1
char_0_2_0_1748270246_6.png,1
char_0_2_0_1748270252_5.png,7
char_0_2_0_1748270258_4.png,1
char_0_2_1_1748270221_6.png,1
char_0_2_1_1748270239_6.png,7
char_0_2_1_1748270246_7.png,0
char_0_2_1_1748270252_6.png,8
char_0_2_1_1748270258_5.png,3
char_0_2_2_1748270221_7.png,0
char_0_2_2_1748270239_7.png,1
char_0_2_2_1748270246_8.png,7
char_0_2_2_1748270258_6.png,9
char_0_3_0_1748270221_8.png,9
char_0_3_0_1748270239_8.png,1
char_0_3_0_1748270246_9.png,1
char_0_3_0_1748270252_7.png,1
char_0_3_0_1748270258_7.png,3
char_0_3_1_1748270221_9.png,9
char_0_3_1_1748270239_9.png,2
char_0_3_1_1748270246_10.png,8
char_0_3_1_1748270252_8.png,3
char_0_3_1_1748270258_8.png,4
char_0_3_2_1748270239_10.png,4
char_0_3_2_1748270246_11.png,9
char_0_3_2_1748270252_9.png,0
char_0_4_0_1748270221_10.png,3
char_0_4_0_1748270239_11.png,1
char_0_4_0_1748270246_12.png,9
char_0_4_0_1748270252_10.png,3
char_0_4_0_1748270258_9.png,5
char_0_4_1_1748270239_12.png,4
char_0_4_1_1748270246_13.png,0
char_0_4_1_1748270252_11.png,6
char_0_4_1_1748270258_10.png,6
char_0_4_2_1748270252_12.png,1
char_1_0_0_1748270221_11.png,1
char_1_0_0_1748270239_13.png,1
char_1_0_0_1748270246_14.png,4
char_1_0_0_1748270252_13.png,1
char_1_0_0_1748270258_11.png,1
char_1_0_1_1748270221_12.png,8
char_1_0_1_1748270239_14.png,6
char_1_0_1_1748270246_15.png,2
char_1_0_1_1748270252_14.png,8
char_1_0_1_1748270258_12.png,5
char_1_0_2_1748270221_13.png,5
char_1_0_2_1748270239_15.png,2
char_1_0_2_1748270252_15.png,1
char_1_0_2_1748270258_13.png,3
char_1_1_0_1748270221_14.png,1
char_1_1_0_1748270239_16.png,8
char_1_1_0_1748270246_16.png,1
char_1_1_0_1748270252_16.png,1
char_1_1_0_1748270258_14.png,1
char_1_1_1_1748270221_15.png,0
char_1_1_1_1748270246_17.png,3
char_1_1_1_1748270252_17.png,1
char_1_1_1_1748270258_15.png,5
char_1_1_2_1748270221_16.png,8
char_1_1_2_1748270252_18.png,4
char_1_1_2_1748270258_16.png,2
char_1_2_0_1748270221_17.png,9
char_1_2_0_1748270239_17.png,6
char_1_2_0_1748270246_18.png,7
char_1_2_0_1748270252_19.png,1
char_1_2_0_1748270258_17.png,8
char_1_2_1_1748270221_18.png,6
char_1_2_1_1748270239_18.png,1
char_1_2_1_1748270246_19.png,2
char_1_2_1_1748270252_20.png,5
char_1_2_1_1748270258_18.png,3
char_1_2_2_1748270252_21.png,3
char_1_3_0_1748270221_19.png,2
char_1_3_0_1748270239_19.png,1
char_1_3_0_1748270246_20.png,1
char_1_3_0_1748270252_22.png,5
char_1_3_0_1748270258_19.png,1
char_1_3_1_1748270221_20.png,0
char_1_3_1_1748270239_20.png,5
char_1_3_1_1748270246_21.png,3
char_1_3_1_1748270252_23.png,3
char_1_3_1_1748270258_20.png,1
char_1_3_2_1748270246_22.png,3
char_1_3_2_1748270258_21.png,9
char_1_4_0_1748270221_21.png,1
char_1_4_0_1748270239_21.png,3
char_1_4_0_1748270246_23.png,1
char_1_4_0_1748270252_24.png,4
char_1_4_0_1748270258_22.png,1
char_1_4_1_1748270221_22.png,5
char_1_4_1_1748270239_22.png,4
char_1_4_1_1748270246_24.png,0
char_1_4_1_1748270252_25.png,7
char_1_4_1_1748270258_23.png,6
char_1_4_2_1748270246_25.png,8
char_1_4_2_1748270258_24.png,7
char_2_0_0_1748270221_23.png,8
char_2_0_0_1748270239_23.png,1
char_2_0_0_1748270246_26.png,1
char_2_0_0_1748270252_26.png,9
char_2_0_0_1748270258_25.png,1
char_2_0_1_1748270221_24.png,5
char_2_0_1_1748270239_24.png,9
char_2_0_1_1748270246_27.png,9
char_2_0_1_1748270252_27.png,0
char_2_0_1_1748270258_26.png,8
char_2_0_2_1748270239_25.png,0
char_2_0_2_1748270246_28.png,8
char_2_0_2_1748270258_27.png,8
char_2_1_0_1748270221_25.png,1
char_2_1_0_1748270239_26.png,5
char_2_1_0_1748270246_29.png,5
char_2_1_0_1748270252_28.png,9
char_2_1_0_1748270258_28.png,9
char_2_1_1_1748270221_26.png,0
char_2_1_1_1748270239_27.png,9
char_2_1_1_1748270246_30.png,5
char_2_1_1_1748270252_29.png,1
char_2_1_1_1748270258_29.png,2
char_2_1_2_1748270221_27.png,4
char_2_1_2_1748270252_30.png,1
char_2_2_0_1748270221_28.png,6
char_2_2_0_1748270239_28.png,1
char_2_2_0_1748270246_31.png,9
char_2_2_0_1748270252_31.png,9
char_2_2_0_1748270258_30.png,8
char_2_2_1_1748270221_29.png,2
char_2_2_1_1748270239_29.png,2
char_2_2_1_1748270252_32.png,7
char_2_2_1_1748270258_31.png,4
char_2_2_2_1748270239_30.png,2
char_2_3_0_1748270221_30.png,8
char_2_3_0_1748270239_31.png,1
char_2_3_0_1748270246_32.png,1
char_2_3_0_1748270252_33.png,1
char_2_3_0_1748270258_32.png,4
char_2_3_1_1748270221_31.png,1
char_2_3_1_1748270239_32.png,5
char_2_3_1_1748270246_33.png,0
char_2_3_1_1748270252_34.png,5
char_2_3_1_1748270258_33.png,5
char_2_3_2_1748270239_33.png,9
char_2_3_2_1748270246_34.png,3
char_2_4_0_1748270221_32.png,1
char_2_4_0_1748270239_34.png,1
char_2_4_0_1748270246_35.png,4
char_2_4_0_1748270252_35.png,3
char_2_4_0_1748270258_34.png,3
char_2_4_1_1748270221_33.png,9
char_2_4_1_1748270239_35.png,8
char_2_4_1_1748270246_36.png,7
char_2_4_1_1748270252_36.png,3
char_2_4_1_1748270258_35.png,7
char_2_4_2_1748270221_34.png,0
char_2_4_2_1748270258_36.png,1
char_3_0_0_1748270221_35.png,0
char_3_0_0_1748270239_36.png,6
char_3_0_0_1748270246_37.png,4
char_3_0_0_1748270252_37.png,1
char_3_0_0_1748270258_37.png,1
char_3_0_1_1748270221_36.png,1
char_3_0_1_1748270239_37.png,3
char_3_0_1_1748270246_38.png,4
char_3_0_1_1748270252_38.png,3
char_3_0_1_1748270258_38.png,3
char_3_0_2_1748270221_37.png,2
char_3_0_2_1748270252_39.png,7
char_3_0_2_1748270258_39.png,4
char_3_1_0_1748270221_38.png,1
char_3_1_0_1748270239_38.png,2
char_3_1_0_1748270246_39.png,5
char_3_1_0_1748270252_40.png,1
char_3_1_0_1748270258_40.png,2
char_3_1_1_1748270221_39.png,8
char_3_1_1_1748270239_39.png,0
char_3_1_1_1748270246_40.png,1
char_3_1_1_1748270252_41.png,2
char_3_1_1_1748270258_41.png,6
char_3_1_2_1748270221_40.png,6
char_3_1_2_1748270252_42.png,8
char_3_2_0_1748270221_41.png,1
char_3_2_0_1748270239_40.png,1
char_3_2_0_1748270246_41.png,2
char_3_2_0_1748270252_43.png,1
char_3_2_0_1748270258_42.png,1
char_3_2_1_1748270221_42.png,3
char_3_2_1_1748270239_41.png,6
char_3_2_1_1748270246_42.png,0
char_3_2_1_1748270252_44.png,0
char_3_2_1_1748270258_43.png,8
char_3_2_2_1748270221_43.png,6
char_3_2_2_1748270239_42.png,1
char_3_2_2_1748270252_45.png,7
char_3_2_2_1748270258_44.png,7
char_3_3_0_1748270221_44.png,1
char_3_3_0_1748270239_43.png,7
char_3_3_0_1748270246_43.png,1
char_3_3_0_1748270252_46.png,9
char_3_3_0_1748270258_45.png,1
char_3_3_1_1748270221_45.png,4
char_3_3_1_1748270239_44.png,1
char_3_3_1_1748270246_44.png,9
char_3_3_2_1748270221_46.png,1
char_3_4_0_1748270221_47.png,1
char_3_4_0_1748270239_45.png,1
char_3_4_0_1748270246_45.png,1
char_3_4_0_1748270252_47.png,4
char_3_4_0_1748270258_46.png,1
char_3_4_1_1748270221_48.png,5
char_3_4_1_1748270239_46.png,1
char_3_4_1_1748270246_46.png,9
char_3_4_1_1748270252_48.png,0
char_3_4_1_1748270258_47.png,3
char_3_4_2_1748270221_49.png,6
char_3_4_2_1748270239_47.png,7
char_3_4_2_1748270246_47.png,0
char_3_4_2_1748270258_48.png,3
char_4_0_0_1748270221_50.png,1
char_4_0_0_1748270239_48.png,1
char_4_0_0_1748270246_48.png,5
char_4_0_0_1748270252_49.png,1
char_4_0_0_1748270258_49.png,9
char_4_0_1_1748270221_51.png,2
char_4_0_1_1748270239_49.png,7
char_4_0_1_1748270246_49.png,4
char_4_0_1_1748270252_50.png,2
char_4_0_1_1748270258_50.png,6
char_4_0_2_1748270221_52.png,4
char_4_0_2_1748270239_50.png,2
char_4_0_2_1748270252_51.png,7
char_4_1_0_1748270221_53.png,1
char_4_1_0_1748270239_51.png,9
char_4_1_0_1748270246_50.png,1
char_4_1_0_1748270252_52.png,1
char_4_1_0_1748270258_51.png,1
char_4_1_1_1748270221_54.png,9
char_4_1_1_1748270239_52.png,5
char_4_1_1_1748270246_51.png,7
char_4_1_1_1748270252_53.png,8
char_4_1_1_1748270258_52.png,3
char_4_1_2_1748270221_55.png,1
char_4_1_2_1748270246_52.png,5
char_4_1_2_1748270252_54.png,4
char_4_1_2_1748270258_53.png,0
char_4_2_0_1748270221_56.png,1
char_4_2_0_1748270239_53.png,1
char_4_2_0_1748270246_53.png,9
char_4_2_0_1748270252_55.png,1
char_4_2_0_1748270258_54.png,1
char_4_2_1_1748270221_57.png,8
char_4_2_1_1748270239_54.png,8
char_4_2_1_1748270246_54.png,6
char_4_2_1_1748270252_56.png,6
char_4_2_1_1748270258_55.png,8
char_4_2_2_1748270221_58.png,2
char_4_2_2_1748270239_55.png,5
char_4_2_2_1748270252_57.png,8
char_4_2_2_1748270258_56.png,5
char_4_3_0_1748270221_59.png,5
char_4_3_0_1748270239_56.png,1
char_4_3_0_1748270246_55.png,3
char_4_3_0_1748270252_58.png,7
char_4_3_0_1748270258_57.png,2
char_4_3_1_1748270221_60.png,8
char_4_3_1_1748270239_57.png,2
char_4_3_1_1748270246_56.png,3
char_4_3_1_1748270258_58.png,2
char_4_3_2_1748270239_58.png,3
char_4_4_0_1748270221_61.png,9
char_4_4_0_1748270239_59.png,1
char_4_4_0_1748270246_57.png,1
char_4_4_0_1748270252_59.png,5
char_4_4_0_1748270258_59.png,1
char_4_4_1_1748270221_62.png,0
char_4_4_1_1748270239_60.png,8
char_4_4_1_1748270246_58.png,5
char_4_4_1_1748270252_60.png,6
char_4_4_1_1748270258_60.png,4
char_4_4_2_1748270239_61.png,3
char_4_4_2_1748270246_59.png,4
char_4_4_2_1748270258_61.png,9
char_0_0_0_1748271480_0.png,6
char_0_0_0_1748271487_0.png,9
char_0_0_0_1748271493_0.png,1
char_0_0_1_1748271480_1.png,1
char_0_0_1_1748271487_1.png,9
char_0_0_1_1748271493_1.png,7
char_0_0_2_1748271493_2.png,8
char_0_1_0_1748271480_2.png,1
char_0_1_0_1748271487_2.png,7
char_0_1_0_1748271493_3.png,1
char_0_1_1_1748271480_3.png,3
char_0_1_1_1748271487_3.png,1
char_0_1_2_1748271480_4.png,4
char_0_2_0_1748271480_5.png,4
char_0_2_0_1748271487_4.png,6
char_0_2_0_1748271493_4.png,5
char_0_2_1_1748271480_6.png,1
char_0_2_1_1748271487_5.png,1
char_0_2_1_1748271493_5.png,1
char_0_2_2_1748271480_7.png,7
char_0_2_2_1748271493_6.png,0
char_0_3_0_1748271480_8.png,7
char_0_3_0_1748271487_6.png,5
char_0_3_0_1748271493_7.png,1
char_0_3_1_1748271480_9.png,6
char_0_3_1_1748271487_7.png,6
char_0_3_1_1748271493_8.png,7
char_0_3_2_1748271493_9.png,6
char_0_4_0_1748271480_10.png,7
char_0_4_0_1748271487_8.png,5
char_0_4_0_1748271493_10.png,1
char_0_4_1_1748271480_11.png,9
char_0_4_1_1748271487_9.png,2
char_0_4_1_1748271493_11.png,4
char_0_4_2_1748271480_12.png,1
char_1_0_0_1748271480_13.png,1
char_1_0_0_1748271487_10.png,6
char_1_0_0_1748271493_12.png,8
char_1_0_1_1748271480_14.png,4
char_1_0_1_1748271487_11.png,2
char_1_0_1_1748271493_13.png,3
char_1_0_2_1748271480_15.png,2
char_1_1_0_1748271480_16.png,1
char_1_1_0_1748271487_12.png,1
char_1_1_0_1748271493_14.png,4
char_1_1_1_1748271480_17.png,9
char_1_1_1_1748271487_13.png,7
char_1_1_1_1748271493_15.png,3
char_1_1_2_1748271487_14.png,2
char_1_2_0_1748271480_18.png,8
char_1_2_0_1748271487_15.png,7
char_1_2_0_1748271493_16.png,1
char_1_2_1_1748271480_19.png,2
char_1_2_1_1748271487_16.png,8
char_1_2_1_1748271493_17.png,9
char_1_2_2_1748271493_18.png,2
char_1_3_0_1748271480_20.png,8
char_1_3_0_1748271487_17.png,1
char_1_3_0_1748271493_19.png,8
char_1_3_1_1748271480_21.png,5
char_1_3_1_1748271487_18.png,5
char_1_3_1_1748271493_20.png,2
char_1_3_2_1748271487_19.png,6
char_1_4_0_1748271480_22.png,7
char_1_4_0_1748271487_20.png,3
char_1_4_0_1748271493_21.png,6
char_1_4_1_1748271480_23.png,1
char_1_4_1_1748271487_21.png,3
char_1_4_1_1748271493_22.png,8
char_2_0_0_1748271480_24.png,1
char_2_0_0_1748271487_22.png,1
char_2_0_0_1748271493_23.png,1
char_2_0_1_1748271480_25.png,3
char_2_0_1_1748271487_23.png,5
char_2_0_1_1748271493_24.png,4
char_2_0_2_1748271480_26.png,6
char_2_0_2_1748271487_24.png,0
char_2_0_2_1748271493_25.png,0
char_2_1_0_1748271480_27.png,8
char_2_1_0_1748271487_25.png,1
char_2_1_0_1748271493_26.png,1
char_2_1_1_1748271480_28.png,4
char_2_1_1_1748271487_26.png,2
char_2_1_1_1748271493_27.png,1
char_2_1_2_1748271487_27.png,5
char_2_1_2_1748271493_28.png,4
char_2_2_0_1748271480_29.png,1
char_2_2_0_1748271487_28.png,7
char_2_2_0_1748271493_29.png,8
char_2_2_1_1748271480_30.png,5
char_2_2_1_1748271487_29.png,9
char_2_2_1_1748271493_30.png,8
char_2_2_2_1748271480_31.png,8
char_2_3_0_1748271480_32.png,1
char_2_3_0_1748271487_30.png,6
char_2_3_0_1748271493_31.png,9
char_2_3_1_1748271480_33.png,0
char_2_3_1_1748271487_31.png,0
char_2_3_1_1748271493_32.png,1
char_2_3_2_1748271480_34.png,7
char_2_4_0_1748271480_35.png,3
char_2_4_0_1748271487_32.png,1
char_2_4_0_1748271493_33.png,1
char_2_4_1_1748271480_36.png,8
char_2_4_1_1748271487_33.png,0
char_2_4_1_1748271493_34.png,0
char_2_4_2_1748271493_35.png,4
char_3_0_0_1748271480_37.png,3
char_3_0_0_1748271487_34.png,1
char_3_0_0_1748271493_36.png,6
char_3_0_1_1748271480_38.png,2
char_3_0_1_1748271487_35.png,1
char_3_0_1_1748271493_37.png,0
char_3_0_2_1748271487_36.png,7
char_3_1_0_1748271480_39.png,8
char_3_1_0_1748271487_37.png,3
char_3_1_0_1748271493_38.png,5
char_3_1_1_1748271480_40.png,7
char_3_1_1_1748271487_38.png,6
char_3_1_1_1748271493_39.png,9
char_3_2_0_1748271480_41.png,9
char_3_2_0_1748271487_39.png,2
char_3_2_0_1748271493_40.png,1
char_3_2_1_1748271480_42.png,8
char_3_2_1_1748271487_40.png,4
char_3_2_1_1748271493_41.png,5
char_3_3_0_1748271480_43.png,9
char_3_3_0_1748271487_41.png,9
char_3_3_0_1748271493_42.png,1
char_3_3_1_1748271480_44.png,6
char_3_3_1_1748271487_42.png,0
char_3_3_1_1748271493_43.png,8
char_3_3_2_1748271493_44.png,9
char_3_4_0_1748271480_45.png,1
char_3_4_0_1748271487_43.png,1
char_3_4_0_1748271493_45.png,9
char_3_4_1_1748271480_46.png,0
char_3_4_1_1748271487_44.png,2
char_3_4_1_1748271493_46.png,2
char_3_4_2_1748271480_47.png,1
char_3_4_2_1748271487_45.png,2
char_4_0_0_1748271480_48.png,1
char_4_0_0_1748271487_46.png,1
char_4_0_0_1748271493_47.png,5
char_4_0_1_1748271480_49.png,2
char_4_1_0_1748271480_50.png,1
char_4_1_0_1748271487_47.png,9
char_4_1_0_1748271493_48.png,1
char_4_1_1_1748271480_51.png,0
char_4_1_1_1748271487_48.png,8
char_4_1_1_1748271493_49.png,7
char_4_1_2_1748271480_52.png,8
char_4_1_2_1748271493_50.png,7
char_4_2_0_1748271480_53.png,1
char_4_2_0_1748271487_49.png,1
char_4_2_0_1748271493_51.png,1
char_4_2_1_1748271480_54.png,4
char_4_2_1_1748271487_50.png,6
char_4_2_1_1748271493_52.png,2
char_4_2_2_1748271480_55.png,6
char_4_2_2_1748271487_51.png,0
char_4_2_2_1748271493_53.png,3
char_4_3_0_1748271480_56.png,9
char_4_3_0_1748271487_52.png,1
char_4_3_0_1748271493_54.png,8
char_4_3_1_1748271480_57.png,7
char_4_3_1_1748271487_53.png,7
char_4_3_1_1748271493_55.png,5
char_4_3_2_1748271487_54.png,4
char_4_4_0_1748271480_58.png,1
char_4_4_0_1748271487_55.png,1
char_4_4_0_1748271493_56.png,2
char_4_4_1_1748271480_59.png,7
char_4_4_1_1748271487_56.png,2
char_4_4_1_1748271493_57.png,0
char_4_4_2_1748271487_57.png,6
char_4_4_2_1748271493_58.png,0
char_0_0_0_1748279226_0.png,!
char_0_0_1_1748279226_1.png,!
char_0_0_2_1748279226_2.png,%
char_0_1_0_1748279226_3.png,^
char_0_1_1_1748279226_4.png,(
char_0_2_0_1748279226_5.png,!
char_0_2_1_1748279226_6.png,*
char_0_2_2_1748279226_7.png,^
char_0_3_0_1748279226_8.png,@
char_0_3_1_1748279226_9.png,)
char_0_3_2_1748279226_10.png,)
char_0_4_0_1748279226_11.png,*
char_0_4_1_1748279226_12.png,&
char_1_0_0_1748279226_13.png,!
char_1_0_1_1748279226_14.png,*
char_1_1_0_1748279226_15.png,!
char_1_1_1_1748279226_16.png,&
char_1_1_2_1748279226_17.png,&
char_1_2_0_1748279226_18.png,!
char_1_2_1_1748279226_19.png,#
char_1_3_0_1748279226_20.png,!
char_1_3_1_1748279226_21.png,$
char_1_3_2_1748279226_22.png,#
char_1_4_0_1748279226_23.png,!
char_1_4_1_1748279226_24.png,)
char_1_4_2_1748279226_25.png,$
char_2_0_0_1748279226_26.png,#
char_2_0_1_1748279226_27.png,$
char_2_1_0_1748279226_28.png,!
char_2_1_1_1748279226_29.png,&
char_2_1_2_1748279226_30.png,^
char_2_2_0_1748279226_31.png,%
char_2_2_1_1748279226_32.png,)
char_2_3_0_1748279226_33.png,(
char_2_3_1_1748279226_34.png,&
char_2_4_0_1748279226_35.png,@
char_3_0_0_1748279226_36.png,!
char_3_0_1_1748279226_37.png,%
char_3_0_2_1748279226_38.png,(
char_3_1_0_1748279226_39.png,^
char_3_1_1_1748279226_40.png,&
char_3_2_0_1748279226_41.png,#
char_3_3_0_1748279226_42.png,!
char_3_3_1_1748279226_43.png,^
char_3_3_2_1748279226_44.png,@
char_3_4_0_1748279226_45.png,!
char_3_4_1_1748279226_46.png,%
char_3_4_2_1748279226_47.png,$
char_4_0_0_1748279226_48.png,!
char_4_0_1_1748279226_49.png,&
char_4_0_2_1748279226_50.png,%
char_4_1_0_1748279226_51.png,%
char_4_1_1_1748279226_52.png,*
char_4_2_0_1748279226_53.png,%
char_4_2_1_1748279226_54.png,%
char_4_3_0_1748279226_55.png,!
char_4_3_1_1748279226_56.png,*
char_4_3_2_1748279226_57.png,!
char_4_4_0_1748279226_58.png,(
char_4_4_1_1748279226_59.png,@
char_0_0_0_1748279351_0.png,#
char_0_0_0_1748279360_0.png,%
char_0_0_0_1748279367_0.png,!
char_0_0_0_1748279373_0.png,!
char_0_0_0_1748279379_0.png,!
char_0_0_0_1748279385_0.png,!
char_0_0_0_1748279437_0.png,!
char_0_0_0_1748279443_0.png,!
char_0_0_0_1748279449_0.png,(
char_0_0_0_1748279458_0.png,&
char_0_0_1_1748279351_1.png,)
char_0_0_1_1748279360_1.png,#
char_0_0_1_1748279367_1.png,*
char_0_0_1_1748279373_1.png,$
char_0_0_1_1748279379_1.png,(
char_0_0_1_1748279385_1.png,&
char_0_0_1_1748279437_1.png,@
char_0_0_1_1748279443_1.png,%
char_0_0_1_1748279458_1.png,@
char_0_0_2_1748279367_2.png,(
char_0_0_2_1748279373_2.png,@
char_0_0_2_1748279379_2.png,%
char_0_0_2_1748279437_2.png,!
char_0_0_2_1748279443_2.png,@
char_0_1_0_1748279351_2.png,!
char_0_1_0_1748279360_2.png,!
char_0_1_0_1748279367_3.png,!
char_0_1_0_1748279373_3.png,#
char_0_1_0_1748279379_3.png,*
char_0_1_0_1748279385_2.png,!
char_0_1_0_1748279437_3.png,!
char_0_1_0_1748279443_3.png,!
char_0_1_0_1748279449_1.png,!
char_0_1_0_1748279458_2.png,!
char_0_1_1_1748279351_3.png,%
char_0_1_1_1748279360_3.png,^
char_0_1_1_1748279367_4.png,)
char_0_1_1_1748279373_4.png,(
char_0_1_1_1748279379_4.png,!
char_0_1_1_1748279385_3.png,)
char_0_1_1_1748279437_4.png,#
char_0_1_1_1748279443_4.png,(
char_0_1_1_1748279449_2.png,%
char_0_1_1_1748279458_3.png,(
char_0_1_2_1748279351_4.png,%
char_0_1_2_1748279367_5.png,%
char_0_1_2_1748279385_4.png,)
char_0_1_2_1748279437_5.png,$
char_0_1_2_1748279443_5.png,&
char_0_1_2_1748279449_3.png,*
char_0_1_2_1748279458_4.png,@
char_0_2_0_1748279351_5.png,%
char_0_2_0_1748279360_4.png,!
char_0_2_0_1748279367_6.png,!
char_0_2_0_1748279373_5.png,!
char_0_2_0_1748279379_5.png,!
char_0_2_0_1748279385_5.png,#
char_0_2_0_1748279437_6.png,!
char_0_2_0_1748279443_6.png,$
char_0_2_0_1748279449_4.png,!
char_0_2_0_1748279458_5.png,!
char_0_2_1_1748279351_6.png,(
char_0_2_1_1748279360_5.png,(
char_0_2_1_1748279367_7.png,!
char_0_2_1_1748279373_6.png,$
char_0_2_1_1748279379_6.png,*
char_0_2_1_1748279385_6.png,)
char_0_2_1_1748279437_7.png,$
char_0_2_1_1748279443_7.png,&
char_0_2_1_1748279449_5.png,@
char_0_2_1_1748279458_6.png,&
char_0_2_2_1748279360_6.png,*
char_0_2_2_1748279367_8.png,#
char_0_2_2_1748279373_7.png,%
char_0_2_2_1748279379_7.png,!
char_0_2_2_1748279437_8.png,!
char_0_2_2_1748279449_6.png,&
char_0_2_2_1748279458_7.png,*
char_0_3_0_1748279351_7.png,(
char_0_3_0_1748279360_7.png,!
char_0_3_0_1748279367_9.png,!
char_0_3_0_1748279373_8.png,%
char_0_3_0_1748279379_8.png,@
char_0_3_0_1748279385_7.png,!
char_0_3_0_1748279437_9.png,!
char_0_3_0_1748279443_8.png,^
char_0_3_0_1748279449_7.png,#
char_0_3_0_1748279458_8.png,!
char_0_3_1_1748279351_8.png,@
char_0_3_1_1748279360_8.png,%
char_0_3_1_1748279367_10.png,#
char_0_3_1_1748279373_9.png,)
char_0_3_1_1748279379_9.png,@
char_0_3_1_1748279385_8.png,)
char_0_3_1_1748279437_10.png,$
char_0_3_1_1748279443_9.png,*
char_0_3_1_1748279449_8.png,&
char_0_3_1_1748279458_9.png,^
char_0_3_2_1748279360_9.png,%
char_0_3_2_1748279367_11.png,&
char_0_3_2_1748279385_9.png,^
char_0_3_2_1748279458_10.png,$
char_0_4_0_1748279351_9.png,!
char_0_4_0_1748279360_10.png,!
char_0_4_0_1748279367_12.png,!
char_0_4_0_1748279373_10.png,!
char_0_4_0_1748279379_10.png,!
char_0_4_0_1748279385_10.png,!
char_0_4_0_1748279437_11.png,^
char_0_4_0_1748279443_10.png,%
char_0_4_0_1748279449_9.png,(
char_0_4_1_1748279351_10.png,!
char_0_4_1_1748279360_11.png,#
char_0_4_1_1748279367_13.png,(
char_0_4_1_1748279373_11.png,*
char_0_4_1_1748279379_11.png,%
char_0_4_1_1748279385_11.png,%
char_0_4_1_1748279437_12.png,(
char_0_4_1_1748279449_10.png,(
char_0_4_2_1748279351_11.png,$
char_0_4_2_1748279360_12.png,(
char_0_4_2_1748279367_14.png,)
char_0_4_2_1748279373_12.png,%
char_1_0_0_1748279351_12.png,%
char_1_0_0_1748279360_13.png,*
char_1_0_0_1748279367_15.png,$
char_1_0_0_1748279373_13.png,!
char_1_0_0_1748279379_12.png,!
char_1_0_0_1748279385_13.png,!
char_1_0_0_1748279437_13.png,!
char_1_0_0_1748279443_11.png,@
char_1_0_0_1748279449_11.png,!
char_1_0_0_1748279458_12.png,!
char_1_0_1_1748279351_13.png,#
char_1_0_1_1748279360_14.png,)
char_1_0_1_1748279367_16.png,^
char_1_0_1_1748279373_14.png,^
char_1_0_1_1748279379_13.png,%
char_1_0_1_1748279385_14.png,*
char_1_0_1_1748279437_14.png,!
char_1_0_1_1748279443_12.png,#
char_1_0_1_1748279449_12.png,*
char_1_0_1_1748279458_13.png,#
char_1_0_2_1748279373_15.png,$
char_1_0_2_1748279379_14.png,&
char_1_0_2_1748279385_15.png,!
char_1_0_2_1748279437_15.png,*
char_1_0_2_1748279449_13.png,)
char_1_0_2_1748279458_14.png,!
char_1_1_0_1748279351_14.png,(
char_1_1_0_1748279360_15.png,!
char_1_1_0_1748279367_17.png,!
char_1_1_0_1748279373_16.png,^
char_1_1_0_1748279379_15.png,@
char_1_1_0_1748279385_16.png,!
char_1_1_0_1748279437_16.png,!
char_1_1_0_1748279443_13.png,*
char_1_1_0_1748279449_14.png,!
char_1_1_0_1748279458_15.png,%
char_1_1_1_1748279351_15.png,%
char_1_1_1_1748279360_16.png,#
char_1_1_1_1748279367_18.png,)
char_1_1_1_1748279373_17.png,@
char_1_1_1_1748279379_16.png,(
char_1_1_1_1748279385_17.png,(
char_1_1_1_1748279437_17.png,@
char_1_1_1_1748279443_14.png,^
char_1_1_1_1748279449_15.png,)
char_1_1_1_1748279458_16.png,%
char_1_1_2_1748279385_18.png,!
char_1_1_2_1748279437_18.png,)
char_1_1_2_1748279449_16.png,$
char_1_2_0_1748279351_16.png,*
char_1_2_0_1748279360_17.png,*
char_1_2_0_1748279367_19.png,!
char_1_2_0_1748279373_18.png,$
char_1_2_0_1748279379_17.png,$
char_1_2_0_1748279385_19.png,^
char_1_2_0_1748279437_19.png,&
char_1_2_0_1748279443_15.png,!
char_1_2_0_1748279449_17.png,@
char_1_2_0_1748279458_17.png,!
char_1_2_1_1748279351_17.png,)
char_1_2_1_1748279360_18.png,#
char_1_2_1_1748279367_20.png,)
char_1_2_1_1748279373_19.png,*
char_1_2_1_1748279379_18.png,!
char_1_2_1_1748279385_20.png,%
char_1_2_1_1748279437_20.png,#
char_1_2_1_1748279443_16.png,#
char_1_2_1_1748279449_18.png,)
char_1_2_1_1748279458_18.png,%
char_1_2_2_1748279367_21.png,^
char_1_2_2_1748279443_17.png,@
char_1_2_2_1748279458_19.png,!
char_1_3_0_1748279351_18.png,^
char_1_3_0_1748279360_19.png,!
char_1_3_0_1748279367_22.png,*
char_1_3_0_1748279373_20.png,!
char_1_3_0_1748279379_19.png,!
char_1_3_0_1748279385_21.png,$
char_1_3_0_1748279437_21.png,#
char_1_3_0_1748279443_18.png,!
char_1_3_0_1748279449_19.png,^
char_1_3_0_1748279458_20.png,!
char_1_3_1_1748279351_19.png,%
char_1_3_1_1748279360_20.png,*
char_1_3_1_1748279367_23.png,#
char_1_3_1_1748279373_21.png,&
char_1_3_1_1748279379_20.png,@
char_1_3_1_1748279385_22.png,&
char_1_3_1_1748279437_22.png,@
char_1_3_1_1748279443_19.png,$
char_1_3_1_1748279449_20.png,)
char_1_3_1_1748279458_21.png,)
char_1_3_2_1748279360_21.png,#
char_1_3_2_1748279379_21.png,#
char_1_3_2_1748279458_22.png,^
char_1_4_0_1748279351_20.png,!
char_1_4_0_1748279360_22.png,&
char_1_4_0_1748279367_24.png,#
char_1_4_0_1748279373_22.png,&
char_1_4_0_1748279379_22.png,!
char_1_4_0_1748279385_23.png,!
char_1_4_0_1748279437_23.png,*
char_1_4_0_1748279443_20.png,!
char_1_4_0_1748279449_21.png,@
char_1_4_0_1748279458_23.png,!
char_1_4_1_1748279351_21.png,*
char_1_4_1_1748279360_23.png,*
char_1_4_1_1748279367_25.png,$
char_1_4_1_1748279373_23.png,(
char_1_4_1_1748279379_23.png,$
char_1_4_1_1748279385_24.png,^
char_1_4_1_1748279443_21.png,&
char_1_4_1_1748279449_22.png,&
char_1_4_1_1748279458_24.png,!
char_1_4_2_1748279379_24.png,*
char_1_4_2_1748279443_22.png,&
char_1_4_2_1748279458_25.png,#
char_2_0_0_1748279351_22.png,!
char_2_0_0_1748279360_24.png,!
char_2_0_0_1748279367_26.png,@
char_2_0_0_1748279373_24.png,&
char_2_0_0_1748279379_25.png,$
char_2_0_0_1748279385_25.png,%
char_2_0_0_1748279437_24.png,!
char_2_0_0_1748279443_23.png,!
char_2_0_0_1748279449_23.png,^
char_2_0_0_1748279458_26.png,!
char_2_0_1_1748279351_23.png,(
char_2_0_1_1748279360_25.png,(
char_2_0_1_1748279373_25.png,)
char_2_0_1_1748279379_26.png,)
char_2_0_1_1748279385_26.png,*
char_2_0_1_1748279437_25.png,(
char_2_0_1_1748279443_24.png,^
char_2_0_1_1748279449_24.png,&
char_2_0_1_1748279458_27.png,)
char_2_0_2_1748279351_24.png,#
char_2_0_2_1748279360_26.png,$
char_2_0_2_1748279437_26.png,!
char_2_0_2_1748279443_25.png,^
char_2_0_2_1748279458_28.png,!
char_2_1_0_1748279351_25.png,!
char_2_1_0_1748279360_27.png,&
char_2_1_0_1748279367_27.png,!
char_2_1_0_1748279373_26.png,*
char_2_1_0_1748279379_27.png,*
char_2_1_0_1748279385_27.png,@
char_2_1_0_1748279437_27.png,!
char_2_1_0_1748279443_26.png,!
char_2_1_0_1748279449_25.png,(
char_2_1_0_1748279458_29.png,&
char_2_1_1_1748279351_26.png,*
char_2_1_1_1748279360_28.png,#
char_2_1_1_1748279367_28.png,#
char_2_1_1_1748279373_27.png,$
char_2_1_1_1748279379_28.png,$
char_2_1_1_1748279385_28.png,)
char_2_1_1_1748279437_28.png,&
char_2_1_1_1748279443_27.png,(
char_2_1_1_1748279449_26.png,&
char_2_1_1_1748279458_30.png,$
char_2_1_2_1748279351_27.png,#
char_2_1_2_1748279367_29.png,$
char_2_1_2_1748279385_29.png,)
char_2_1_2_1748279437_29.png,&
char_2_1_2_1748279443_28.png,(
char_2_2_0_1748279351_28.png,!
char_2_2_0_1748279360_29.png,%
char_2_2_0_1748279367_30.png,&
char_2_2_0_1748279373_28.png,!
char_2_2_0_1748279379_29.png,!
char_2_2_0_1748279385_30.png,(
char_2_2_0_1748279437_30.png,@
char_2_2_0_1748279443_29.png,%
char_2_2_0_1748279449_27.png,&
char_2_2_0_1748279458_31.png,!
char_2_2_1_1748279351_29.png,)
char_2_2_1_1748279360_30.png,%
char_2_2_1_1748279367_31.png,^
char_2_2_1_1748279373_29.png,^
char_2_2_1_1748279379_30.png,&
char_2_2_1_1748279385_31.png,^
char_2_2_1_1748279437_31.png,)
char_2_2_1_1748279443_30.png,$
char_2_2_1_1748279449_28.png,^
char_2_2_1_1748279458_32.png,@
char_2_2_2_1748279351_30.png,^
char_2_2_2_1748279373_30.png,&
char_2_2_2_1748279379_31.png,!
char_2_2_2_1748279437_32.png,)
char_2_2_2_1748279458_33.png,!
char_2_3_0_1748279351_31.png,!
char_2_3_0_1748279360_31.png,(
char_2_3_0_1748279367_32.png,!
char_2_3_0_1748279373_31.png,!
char_2_3_0_1748279379_32.png,&
char_2_3_0_1748279385_32.png,!
char_2_3_0_1748279437_33.png,!
char_2_3_0_1748279443_31.png,!
char_2_3_0_1748279449_29.png,!
char_2_3_0_1748279458_34.png,!
char_2_3_1_1748279351_32.png,@
char_2_3_1_1748279360_32.png,^
char_2_3_1_1748279367_33.png,@
char_2_3_1_1748279373_32.png,#
char_2_3_1_1748279379_33.png,)
char_2_3_1_1748279385_33.png,@
char_2_3_1_1748279437_34.png,(
char_2_3_1_1748279443_32.png,*
char_2_3_1_1748279449_30.png,&
char_2_3_1_1748279458_35.png,)
char_2_3_2_1748279351_33.png,*
char_2_3_2_1748279367_34.png,@
char_2_3_2_1748279373_33.png,$
char_2_3_2_1748279385_34.png,@
char_2_3_2_1748279437_35.png,*
char_2_3_2_1748279443_33.png,#
char_2_3_2_1748279449_31.png,*
char_2_3_2_1748279458_36.png,)
char_2_4_0_1748279351_34.png,!
char_2_4_0_1748279360_33.png,!
char_2_4_0_1748279367_35.png,&
char_2_4_0_1748279373_34.png,!
char_2_4_0_1748279379_34.png,!
char_2_4_0_1748279385_35.png,!
char_2_4_0_1748279437_36.png,!
char_2_4_0_1748279443_34.png,!
char_2_4_0_1748279449_32.png,!
char_2_4_0_1748279458_37.png,&
char_2_4_1_1748279351_35.png,)
char_2_4_1_1748279360_34.png,)
char_2_4_1_1748279367_36.png,@
char_2_4_1_1748279373_35.png,@
char_2_4_1_1748279379_35.png,^
char_2_4_1_1748279385_36.png,!
char_2_4_1_1748279437_37.png,@
char_2_4_1_1748279443_35.png,&
char_2_4_1_1748279449_33.png,$
char_2_4_1_1748279458_38.png,%
char_2_4_2_1748279351_36.png,@
char_2_4_2_1748279360_35.png,$
char_2_4_2_1748279373_36.png,%
char_2_4_2_1748279379_36.png,)
char_2_4_2_1748279385_37.png,)
char_2_4_2_1748279437_38.png,^
char_2_4_2_1748279443_36.png,*
char_2_4_2_1748279449_34.png,*
char_3_0_0_1748279351_37.png,%
char_3_0_0_1748279360_36.png,$
char_3_0_0_1748279367_37.png,*
char_3_0_0_1748279373_37.png,!
char_3_0_0_1748279379_37.png,!
char_3_0_0_1748279385_38.png,!
char_3_0_0_1748279437_39.png,%
char_3_0_0_1748279443_37.png,%
char_3_0_0_1748279449_35.png,!
char_3_0_0_1748279458_39.png,!
char_3_0_1_1748279351_38.png,&
char_3_0_1_1748279360_37.png,&
char_3_0_1_1748279367_38.png,@
char_3_0_1_1748279373_38.png,!
char_3_0_1_1748279379_38.png,&
char_3_0_1_1748279385_39.png,$
char_3_0_1_1748279437_40.png,)
char_3_0_1_1748279443_38.png,*
char_3_0_1_1748279449_36.png,)
char_3_0_1_1748279458_40.png,#
char_3_0_2_1748279373_39.png,%
char_3_0_2_1748279379_39.png,@
char_3_0_2_1748279385_40.png,(
char_3_0_2_1748279449_37.png,@
char_3_0_2_1748279458_41.png,$
char_3_1_0_1748279351_39.png,!
char_3_1_0_1748279360_38.png,@
char_3_1_0_1748279367_39.png,@
char_3_1_0_1748279373_40.png,#
char_3_1_0_1748279379_40.png,#
char_3_1_0_1748279385_41.png,#
char_3_1_0_1748279437_41.png,!
char_3_1_0_1748279443_39.png,^
char_3_1_0_1748279449_38.png,!
char_3_1_0_1748279458_42.png,&
char_3_1_1_1748279351_40.png,@
char_3_1_1_1748279360_39.png,)
char_3_1_1_1748279367_40.png,@
char_3_1_1_1748279373_41.png,*
char_3_1_1_1748279379_41.png,#
char_3_1_1_1748279385_42.png,*
char_3_1_1_1748279437_42.png,!
char_3_1_1_1748279443_40.png,%
char_3_1_1_1748279449_39.png,^
char_3_1_1_1748279458_43.png,#
char_3_1_2_1748279351_41.png,$
char_3_1_2_1748279437_43.png,)
char_3_1_2_1748279449_40.png,!
char_3_2_0_1748279351_42.png,@
char_3_2_0_1748279360_40.png,!
char_3_2_0_1748279367_41.png,^
char_3_2_0_1748279373_42.png,!
char_3_2_0_1748279379_42.png,$
char_3_2_0_1748279385_43.png,!
char_3_2_0_1748279437_44.png,&
char_3_2_0_1748279443_41.png,!
char_3_2_0_1748279449_41.png,!
char_3_2_0_1748279458_44.png,@
char_3_2_1_1748279351_43.png,%
char_3_2_1_1748279360_41.png,)
char_3_2_1_1748279367_42.png,(
char_3_2_1_1748279373_43.png,$
char_3_2_1_1748279379_43.png,^
char_3_2_1_1748279385_44.png,!
char_3_2_1_1748279437_45.png,%
char_3_2_1_1748279443_42.png,^
char_3_2_1_1748279449_42.png,^
char_3_2_1_1748279458_45.png,&
char_3_2_2_1748279360_42.png,*
char_3_2_2_1748279373_44.png,&
char_3_2_2_1748279385_45.png,&
char_3_2_2_1748279443_43.png,%
char_3_2_2_1748279449_43.png,@
char_3_3_0_1748279351_44.png,@
char_3_3_0_1748279360_43.png,!
char_3_3_0_1748279367_43.png,!
char_3_3_0_1748279373_45.png,!
char_3_3_0_1748279379_44.png,!
char_3_3_0_1748279385_46.png,@
char_3_3_0_1748279437_46.png,%
char_3_3_0_1748279443_44.png,(
char_3_3_0_1748279458_46.png,!
char_3_3_1_1748279351_45.png,&
char_3_3_1_1748279360_44.png,)
char_3_3_1_1748279367_44.png,!
char_3_3_1_1748279373_46.png,%
char_3_3_1_1748279379_45.png,#
char_3_3_1_1748279385_47.png,%
char_3_3_1_1748279437_47.png,*
char_3_3_1_1748279443_45.png,#
char_3_3_1_1748279458_47.png,)
char_3_3_2_1748279360_45.png,#
char_3_3_2_1748279367_45.png,&
char_3_3_2_1748279373_47.png,@
char_3_3_2_1748279379_46.png,^
char_3_3_2_1748279458_48.png,(
char_3_4_0_1748279360_46.png,!
char_3_4_0_1748279367_46.png,!
char_3_4_0_1748279373_48.png,!
char_3_4_0_1748279379_47.png,(
char_3_4_0_1748279385_48.png,!
char_3_4_0_1748279437_48.png,!
char_3_4_0_1748279443_46.png,&
char_3_4_0_1748279449_45.png,#
char_3_4_0_1748279458_49.png,#
char_3_4_1_1748279360_47.png,&
char_3_4_1_1748279367_47.png,#
char_3_4_1_1748279373_49.png,#
char_3_4_1_1748279379_48.png,#
char_3_4_1_1748279385_49.png,(
char_3_4_1_1748279437_49.png,@
char_3_4_1_1748279443_47.png,$
char_3_4_1_1748279449_46.png,$
char_3_4_1_1748279458_50.png,%
char_3_4_2_1748279360_48.png,@
char_3_4_2_1748279367_48.png,*
char_3_4_2_1748279373_50.png,(
char_3_4_2_1748279385_50.png,(
char_3_4_2_1748279437_50.png,$
char_4_0_0_1748279351_47.png,!
char_4_0_0_1748279360_49.png,(
char_4_0_0_1748279367_49.png,!
char_4_0_0_1748279373_51.png,@
char_4_0_0_1748279379_49.png,!
char_4_0_0_1748279385_51.png,^
char_4_0_0_1748279437_51.png,!
char_4_0_0_1748279443_48.png,!
char_4_0_0_1748279449_47.png,!
char_4_0_0_1748279458_51.png,!
char_4_0_1_1748279351_48.png,%
char_4_0_1_1748279360_50.png,)
char_4_0_1_1748279367_50.png,&
char_4_0_1_1748279373_52.png,*
char_4_0_1_1748279379_50.png,#
char_4_0_1_1748279385_52.png,)
char_4_0_1_1748279437_52.png,)
char_4_0_1_1748279443_49.png,!
char_4_0_1_1748279449_48.png,)
char_4_0_1_1748279458_52.png,@
char_4_0_2_1748279351_49.png,@
char_4_0_2_1748279367_51.png,)
char_4_0_2_1748279379_51.png,#
char_4_0_2_1748279437_53.png,#
char_4_0_2_1748279443_50.png,$
char_4_0_2_1748279458_53.png,$
char_4_1_0_1748279351_50.png,#
char_4_1_0_1748279360_51.png,*
char_4_1_0_1748279367_52.png,!
char_4_1_0_1748279373_53.png,$
char_4_1_0_1748279379_52.png,!
char_4_1_0_1748279385_53.png,!
char_4_1_0_1748279437_54.png,!
char_4_1_0_1748279443_51.png,!
char_4_1_0_1748279449_49.png,(
char_4_1_0_1748279458_54.png,!
char_4_1_1_1748279351_51.png,@
char_4_1_1_1748279360_52.png,(
char_4_1_1_1748279367_53.png,(
char_4_1_1_1748279373_54.png,&
char_4_1_1_1748279379_53.png,$
char_4_1_1_1748279385_54.png,&
char_4_1_1_1748279437_55.png,*
char_4_1_1_1748279443_52.png,)
char_4_1_1_1748279449_50.png,@
char_4_1_1_1748279458_55.png,!
char_4_1_2_1748279367_54.png,%
char_4_1_2_1748279379_54.png,(
char_4_1_2_1748279385_55.png,*
char_4_1_2_1748279437_56.png,%
char_4_1_2_1748279443_53.png,#
char_4_1_2_1748279458_56.png,%
char_4_2_0_1748279351_52.png,@
char_4_2_0_1748279360_53.png,$
char_4_2_0_1748279367_55.png,!
char_4_2_0_1748279373_55.png,!
char_4_2_0_1748279379_55.png,!
char_4_2_0_1748279385_56.png,$
char_4_2_0_1748279437_57.png,!
char_4_2_0_1748279443_54.png,#
char_4_2_0_1748279449_51.png,!
char_4_2_0_1748279458_57.png,!
char_4_2_1_1748279351_53.png,)
char_4_2_1_1748279360_54.png,)
char_4_2_1_1748279367_56.png,@
char_4_2_1_1748279373_56.png,&
char_4_2_1_1748279379_56.png,#
char_4_2_1_1748279385_57.png,(
char_4_2_1_1748279437_58.png,&
char_4_2_1_1748279449_52.png,%
char_4_2_1_1748279458_58.png,$
char_4_2_2_1748279351_54.png,)
char_4_2_2_1748279367_57.png,!
char_4_2_2_1748279373_57.png,^
char_4_2_2_1748279379_57.png,%
char_4_2_2_1748279437_59.png,*
char_4_2_2_1748279449_53.png,^
char_4_2_2_1748279458_59.png,#
char_4_3_0_1748279351_55.png,!
char_4_3_0_1748279360_55.png,!
char_4_3_0_1748279367_58.png,&
char_4_3_0_1748279373_58.png,$
char_4_3_0_1748279379_58.png,^
char_4_3_0_1748279385_58.png,^
char_4_3_0_1748279437_60.png,^
char_4_3_0_1748279443_55.png,!
char_4_3_0_1748279449_54.png,*
char_4_3_0_1748279458_60.png,&
char_4_3_1_1748279351_56.png,^
char_4_3_1_1748279360_56.png,!
char_4_3_1_1748279367_59.png,(
char_4_3_1_1748279373_59.png,$
char_4_3_1_1748279379_59.png,#
char_4_3_1_1748279385_59.png,$
char_4_3_1_1748279437_61.png,^
char_4_3_1_1748279443_56.png,@
char_4_3_1_1748279449_55.png,*
char_4_3_2_1748279351_57.png,#
char_4_3_2_1748279360_57.png,(
char_4_3_2_1748279443_57.png,&
char_4_4_0_1748279351_58.png,!
char_4_4_0_1748279360_58.png,@
char_4_4_0_1748279367_60.png,!
char_4_4_0_1748279373_60.png,!
char_4_4_0_1748279379_60.png,!
char_4_4_0_1748279385_60.png,*
char_4_4_0_1748279437_62.png,!
char_4_4_0_1748279443_58.png,!
char_4_4_0_1748279449_56.png,#
char_4_4_0_1748279458_61.png,&
char_4_4_1_1748279351_59.png,^
char_4_4_1_1748279360_59.png,&
char_4_4_1_1748279367_61.png,^
char_4_4_1_1748279373_61.png,&
char_4_4_1_1748279379_61.png,^
char_4_4_1_1748279385_61.png,^
char_4_4_1_1748279437_63.png,^
char_4_4_1_1748279443_59.png,!
char_4_4_1_1748279449_57.png,#
char_4_4_1_1748279458_62.png,&
char_4_4_2_1748279367_62.png,#
char_4_4_2_1748279373_62.png,(
char_4_4_2_1748279379_62.png,*
char_4_4_2_1748279437_64.png,*
char_4_4_2_1748279443_60.png,%
char_1_0_2_7.png,7
char_1_4_1_7.png,7
char_2_0_1_7.png,7
char_2_0_2_7.png,7
char_3_1_1_7.png,7
